{
    "Tipo": "Canal de televis\u00e3o  por cabo  ",
    "Pa\u00eds": " Portugal  ",
    "Funda\u00e7\u00e3o": "25 de janeiro de 2013 (12\u00a0anos) ",
    "Extin\u00e7\u00e3o": "1 de dezembro de 2015 (9\u00a0anos) ",
    "Pertence a": "Media Capital  ",
    "Propriet\u00e1rio": "Grupo PRISA  ",
    "Slogan": "A Diferen\u00e7a est\u00e1 nos nossos canais ",
    "Afilia\u00e7\u00f5es": "TVI TVI 24 TVI Internacional TVI Fic\u00e7\u00e3o  TVI Reality  ",
    "Cobertura": "Nacional ",
    "P\u00e1gina oficial": "www.tvi.pt  ",
    "NOS": "12 (posteriormente 74) "
}