{
    "Nome completo": "Alan Mathison Turing ",
    "Conhecido(a) por": [
        "Criptoan\u00e1lise da M\u00e1quina Enigma",
        "Problema da parada",
        "M\u00e1quina de Turing",
        "Teste de Turing",
        "M\u00e1quinas desorganizadas",
        "Modelo Turing",
        "Redu\u00e7\u00e3o de Turing",
        "Base qu\u00edmica da morfog\u00eanese"
    ],
    "Nascimento": "23 de junho de 1912 Maida Vale , Londres  ",
    "Morte": "Wilmslow , Cheshire  ",
    "Causa da morte": "Suic\u00eddio por ingest\u00e3o de cianeto  ",
    "Nacionalidade": "brit\u00e2nico  ",
    "Educa\u00e7\u00e3o": "Sherborne School  ",
    "Alma mater": [
        "Universidade de Cambridge (BA, MA)",
        "Universidade de Princeton (PhD)"
    ],
    "Pr\u00eamios": "Pr\u00eamio Smith  (1936)  ",
    "Religi\u00e3o": "Ate\u00edsmo  ",
    "Orientador(es)(as)": "Alonzo Church  ",
    "Orientado(a)(s)": [
        "Robin Gandy",
        "Beatrice Worsley"
    ],
    "Institui\u00e7\u00f5es": [
        "Universidade de Manchester",
        "Escola Governamental de C\u00f3digo e Cifra",
        "Laborat\u00f3rio Nacional de F\u00edsica"
    ],
    "Campo(s)": [
        "L\u00f3gica",
        "matem\u00e1tica",
        "criptoan\u00e1lise",
        "ci\u00eancia da computa\u00e7\u00e3o",
        "biologia matem\u00e1tica e te\u00f3rica"
    ],
    "Tese": "Sistemas de L\u00f3gica Baseada em Ordinais  (1938)  "
}