{
    "Tipo": "empresa de capital aberto  ",
    "Slogan": "Go Further ( Ir al\u00e9m ) ",
    "Cota\u00e7\u00e3o": [
        "NYSE: F",
        "S&P 100 Component",
        "S&P 500 Component"
    ],
    "Atividade": "ind\u00fastria automobil\u00edstica  ",
    "G\u00eanero": "incorporation  ",
    "Funda\u00e7\u00e3o": "16 de junho de 1903 (121\u00a0anos) ",
    "Fundador(es)": "Henry Ford  ",
    "Sede": "Dearborn , Condado de Wayne , Michigan ,  Estados Unidos  ",
    "Propriet\u00e1rio(s)": "Fam\u00edlia Ford (2% capital; 40% poder de voto) ",
    "Pessoas-chave": [
        "William C. Ford Jr. (Presidente)",
        "James D. Farley Jr. (CEO)",
        "John Lawle (CFO)"
    ],
    "Empregados": " c. 183\u00a0000 (2021)  ",
    "Produtos": "autom\u00f3veis caminh\u00f5es utilit\u00e1rios  ",
    "Subsidi\u00e1rias": [
        "TrollerLincoln Ford Caminh\u00f5esFPV"
    ],
    "Ativos": "US$257.03 bilh\u00f5es (2021)  ",
    "Lucro": "US$17.91 bilh\u00f5es (2021)  ",
    "LAJIR": "US$17.78 bilh\u00f5es (2021)  ",
    "Faturamento": " US$ 136.34 bilh\u00f5es (2021)  ",
    "Antecessora(s)": "Henry Ford Company  "
}