{
    "Capital": "Nova D\u00e9li  ",
    "Maior cidade": "Bombaim  ",
    "L\u00edngua oficial": "hindi , ingl\u00eas e mais 21 l\u00ednguas nacionais  ",
    "Gent\u00edlico": "indiano(a)  ",
    "Governo": "Rep\u00fablica federal  parlamentarista  ",
    "\u2022 Presidente": "Draupadi Murmu  ",
    "\u2022 Vice-presidente": "Jagdeep Dhankhar  ",
    "\u2022 Primeiro-ministro": "Narendra Modi  ",
    "\u2022 Declarada": "15 de agosto de 1947 ",
    "\u2022 Rep\u00fablica": "26 de janeiro de 1950 ",
    "\u2022 Total": "US$  *  ( 6.\u00ba ) ",
    "\u2022 \u00c1gua (%)": "9.6 ",
    "Fronteira": "Bangladexe , But\u00e3o , China , Mianmar , Nepal e Paquist\u00e3o  ",
    "\u2022 Estimativa para 2023": "1\u00a0428\u00a0627\u00a0663 hab. ( 1.\u00ba ) ",
    "\u2022 Censo 2023": "1\u00a0425\u00a0627\u00a0557 hab. ",
    "\u2022 Densidade": "413.7 hab./km\u00b2 ",
    "PIB (base PPC)": "Estimativa para 2021 ",
    "\u2022 Per capita": "US$\u00a02,191 ( 145.\u00ba ) ",
    "IDH (2022)": "0,644 ( 134.\u00ba ) \u2013 m\u00e9dio  ",
    "Moeda": "Rupia indiana ( ) ( INR ) ",
    "Fuso hor\u00e1rio": "IST ( UTC +5:30) ",
    "C\u00f3d. Internet": ".in  ",
    "C\u00f3d. telef.": "+91 "
}