{
    "Capitale maior cidade": "Viena  48\u00b0 12' 00\" N 16\u00b0 21' 00\" E  ",
    "L\u00edngua oficial": [
        "Esloveno",
        "Croata",
        "H\u00fangaro"
    ],
    "Gent\u00edlico": "austr\u00edaco  ",
    "Governo": "Rep\u00fablica  federal  parlamentarista  ",
    "\u2022 Presidente": "Alexander van der Bellen  ",
    "\u2022 Chanceler": "Alexander Schallenberg (interino) ",
    "Legislatura": "Parlamento  ",
    "\u2022 C\u00e2mara alta": "Conselho Federal  ",
    "\u2022 C\u00e2mara baixa": "Conselho Nacional  ",
    "\u2022 Ducado da \u00c1ustria": "1156  ",
    "\u2022 Imp\u00e9rio Austr\u00edaco": "1804  ",
    "\u2022 Primeira Rep\u00fablica Austr\u00edaca": "1918 \u2013 1938  ",
    "\u2022 Anschluss": "13 de mar\u00e7o de 1938  ",
    "\u2022 Independ\u00eancia da Alemanha (Tratado do Estado Austr\u00edaco)": "27 de julho de 1955  ",
    "\u2022 Declara\u00e7\u00e3o de neutralidade": "26 de outubro de 1955 ",
    "Entrada na UE": "1 de janeiro de 1995 ",
    "\u2022 Total": "US$ *  ",
    "\u2022 \u00c1gua (%)": "1,7 ",
    "Fronteira": "Alemanha , Ch\u00e9quia , Eslov\u00e1quia , Hungria , Eslov\u00e9nia , It\u00e1lia , Su\u00ed\u00e7a e Liechtenstein  ",
    "\u2022 Estimativa para 2018": "8\u00a0857\u00a0960 hab. ( 96.\u00ba ) ",
    "\u2022 Censo 2001": "8\u00a0032\u00a0926 hab. ",
    "\u2022 Densidade": "104 hab./km\u00b2 ( 100.\u00ba ) ",
    "PIB (base PPC)": "Estimativa para 2018 ",
    "\u2022 Per capita": "US$\u00a053\u00a0764  ",
    "IDH (2019)": "0,922 ( 18.\u00ba ) \u2013 muito alto  ",
    "Moeda": "Euro (\u20ac) 1 ( EUR ) ",
    "Fuso hor\u00e1rio": "CET ( UTC +1) ",
    "\u2022 Ver\u00e3o\u00a0(DST)": "CEST ( UTC +2) ",
    "C\u00f3d. Internet": ".at 2  ",
    "C\u00f3d. telef.": "+43 "
}